{
   "results" : {
      "w-h-t" : {
         "count" : 0,
         "data_sets" : {
            "" : {
               "count" : 14,
               "dry_elapsed" : 0.00538301467895508,
               "elapsed" : 0.0713648285184588,
               "total_elapsed" : 1.07446980476379
            }
         },
         "git_rev" : "56135d5f70c510c586571b6bcd4be4db19154054",
         "key" : "w-h-t",
         "timestamp" : 1422947470.02266,
         "total_elapsed" : 0
      }
   }
}
