{
   "results" : {
      "generated tokenizer" : {
         "count" : 0,
         "data_sets" : {
            "" : {
               "count" : 7,
               "dry_elapsed" : 0.00606083869934082,
               "elapsed" : 0.145449672426496,
               "total_elapsed" : 1.06057357788086
            }
         },
         "git_rev" : "85549f0e366bebc4f313760f02030053ebb31a43",
         "key" : "generated tokenizer",
         "timestamp" : 1422956087.75186,
         "total_elapsed" : 0
      },
      "w-h-t" : {
         "count" : 0,
         "data_sets" : {
            "" : {
               "count" : 14,
               "dry_elapsed" : 0.00538301467895508,
               "elapsed" : 0.0713648285184588,
               "total_elapsed" : 1.07446980476379
            }
         },
         "git_rev" : "56135d5f70c510c586571b6bcd4be4db19154054",
         "key" : "w-h-t",
         "timestamp" : 1422947470.02266,
         "total_elapsed" : 0
      },
      "w-h-t submodules updated" : {
         "count" : 0,
         "data_sets" : {
            "" : {
               "count" : 11,
               "dry_elapsed" : 0.0066831111907959,
               "elapsed" : 0.0859242569316517,
               "total_elapsed" : 1.01868104934692
            }
         },
         "git_rev" : "f7428cf9e5afd472bbaa6dabb5c63225664dfb53",
         "key" : "w-h-t submodules updated",
         "timestamp" : 1422948326.42706,
         "total_elapsed" : 0
      }
   }
}
